{"nm":"Main Scene","ddd":0,"h":1290,"w":1126,"meta":{"g":"@lottiefiles/creator 1.46.0"},"layers":[{"ty":4,"nm":"ëì¹2 ì¤ê³½ì ","sr":1,"st":0,"op":120.0000048877,"ip":0,"hd":false,"ddd":0,"bm":0,"hasMask":false,"ao":0,"ks":{"a":{"a":0,"k":[645.813,601,0],"ix":1},"s":{"a":0,"k":[100,100,100],"ix":6},"sk":{"a":0,"k":0},"p":{"a":1,"k":[{"o":{"x":0.333,"y":0},"i":{"x":0.667,"y":1},"s":[645.813,601,0],"t":0},{"o":{"x":0.167,"y":0.167},"i":{"x":0.833,"y":0.833},"s":[645.813,543,0],"t":30},{"o":{"x":0.333,"y":0},"i":{"x":0.667,"y":1},"s":[645.813,543,0],"t":60},{"s":[645.813,601,0],"t":90.0000036657751}],"ix":2},"r":{"a":1,"k":[{"o":{"x":0.333,"y":0},"i":{"x":0.667,"y":1},"s":[0],"t":0},{"o":{"x":0.333,"y":0},"i":{"x":0.667,"y":1},"s":[12],"t":30},{"o":{"x":0.333,"y":0},"i":{"x":0.667,"y":1},"s":[12],"t":60},{"s":[0],"t":90.0000036657751}],"ix":10},"sa":{"a":0,"k":0},"o":{"a":0,"k":100,"ix":11}},"shapes":[{"ty":"gr","bm":0,"hd":false,"mn":"ADBE Vector Group","nm":"ê·¸ë£¹ 1","ix":1,"cix":2,"np":2,"it":[{"ty":"sh","bm":0,"hd":false,"mn":"ADBE Vector Shape - Group","nm":"í¨ì¤ 1","ix":1,"d":1,"ks":{"a":0,"k":{"c":true,"i":[[2.518,-3.678],[3.68,2.517],[10.872,0.165],[7.224,-5.529],[2.705,3.54],[-3.544,2.708],[-13.467,-0.205],[-10.543,-7.213]],"o":[[-2.518,3.678],[-7.495,-5.128],[-10.879,-0.165],[-3.538,2.708],[-2.712,-3.54],[10.84,-8.294],[13.48,0.205],[3.673,2.517]],"v":[[40.002,9.012],[28.788,11.114],[-0.141,2.712],[-28.496,10.864],[-39.807,9.358],[-38.303,-1.955],[0.104,-13.426],[37.904,-2.205]]},"ix":2}},{"ty":"fl","bm":0,"hd":false,"mn":"ADBE Vector Graphic - Fill","nm":"ì¹  1","c":{"a":0,"k":[0.0863,0.1255,0.1412],"ix":4},"r":1,"o":{"a":0,"k":100,"ix":5}},{"ty":"tr","a":{"a":0,"k":[0,0],"ix":1},"s":{"a":0,"k":[100,100],"ix":3},"sk":{"a":0,"k":0,"ix":4},"p":{"a":0,"k":[645.843,606.825],"ix":2},"r":{"a":0,"k":0,"ix":6},"sa":{"a":0,"k":0,"ix":5},"o":{"a":0,"k":100,"ix":7}}]}],"ind":1},{"ty":4,"nm":"ëì¹1 ì¤ê³½ì ","sr":1,"st":0,"op":120.0000048877,"ip":0,"hd":false,"ddd":0,"bm":0,"hasMask":false,"ao":0,"ks":{"a":{"a":0,"k":[480.189,601.5,0],"ix":1},"s":{"a":0,"k":[100,100,100],"ix":6},"sk":{"a":0,"k":0},"p":{"a":1,"k":[{"o":{"x":0.333,"y":0},"i":{"x":0.667,"y":1},"s":[480.189,601.5,0],"t":0},{"o":{"x":0.167,"y":0.167},"i":{"x":0.833,"y":0.833},"s":[480.189,543.5,0],"t":30},{"o":{"x":0.333,"y":0},"i":{"x":0.667,"y":1},"s":[480.189,543.5,0],"t":60},{"s":[480.189,601.5,0],"t":90.0000036657751}],"ix":2},"r":{"a":1,"k":[{"o":{"x":0.333,"y":0},"i":{"x":0.667,"y":1},"s":[0],"t":0},{"o":{"x":0.333,"y":0},"i":{"x":0.667,"y":1},"s":[-12],"t":30},{"o":{"x":0.333,"y":0},"i":{"x":0.667,"y":1},"s":[-12],"t":60},{"s":[0],"t":90.0000036657751}],"ix":10},"sa":{"a":0,"k":0},"o":{"a":0,"k":100,"ix":11}},"shapes":[{"ty":"gr","bm":0,"hd":false,"mn":"ADBE Vector Group","nm":"ê·¸ë£¹ 1","ix":1,"cix":2,"np":2,"it":[{"ty":"sh","bm":0,"hd":false,"mn":"ADBE Vector Shape - Group","nm":"í¨ì¤ 1","ix":1,"d":1,"ks":{"a":0,"k":{"c":true,"i":[[-2.518,-3.678],[-3.68,2.517],[-10.871,0.165],[-7.225,-5.529],[-2.706,3.54],[3.538,2.708],[13.467,-0.205],[10.536,-7.213]],"o":[[2.518,3.678],[7.489,-5.128],[10.885,-0.165],[3.538,2.708],[2.711,-3.54],[-10.839,-8.294],[-13.474,0.205],[-3.68,2.517]],"v":[[-40.004,9.012],[-28.784,11.114],[0.138,2.712],[28.5,10.864],[39.811,9.358],[38.306,-1.955],[-0.107,-13.426],[-37.9,-2.205]]},"ix":2}},{"ty":"fl","bm":0,"hd":false,"mn":"ADBE Vector Graphic - Fill","nm":"ì¹  1","c":{"a":0,"k":[0.0863,0.1255,0.1412],"ix":4},"r":1,"o":{"a":0,"k":100,"ix":5}},{"ty":"tr","a":{"a":0,"k":[0,0],"ix":1},"s":{"a":0,"k":[100,100],"ix":3},"sk":{"a":0,"k":0,"ix":4},"p":{"a":0,"k":[480.16,606.825],"ix":2},"r":{"a":0,"k":0,"ix":6},"sa":{"a":0,"k":0,"ix":5},"o":{"a":0,"k":100,"ix":7}}]}],"ind":2},{"ty":4,"nm":"ìë¨¸ë¦¬ ì¤ê³½ì ","sr":1,"st":0,"op":120.0000048877,"ip":0,"hd":false,"ddd":0,"bm":0,"hasMask":false,"ao":0,"ks":{"a":{"a":0,"k":[563,645,0],"ix":1},"s":{"a":1,"k":[{"o":{"x":0.333,"y":0},"i":{"x":0.667,"y":1},"s":[100,100,100],"t":8},{"o":{"x":0.333,"y":0},"i":{"x":0.667,"y":1},"s":[100,111.341,100],"t":30},{"o":{"x":0.333,"y":0},"i":{"x":0.667,"y":1},"s":[100,111.341,100],"t":60},{"s":[100,100,100],"t":90.0000036657751}],"ix":6},"sk":{"a":0,"k":0},"p":{"a":1,"k":[{"o":{"x":0.333,"y":0},"i":{"x":0.667,"y":1},"s":[563,645,0],"t":0},{"o":{"x":0.333,"y":0},"i":{"x":0.667,"y":1},"s":[563,628.601,0],"t":8},{"o":{"x":0.333,"y":0},"i":{"x":0.667,"y":1},"s":[563,633,0],"t":30},{"o":{"x":0.333,"y":0},"i":{"x":0.667,"y":1},"s":[563,633,0],"t":60},{"s":[563,645,0],"t":90.0000036657751}],"ix":2},"r":{"a":0,"k":0,"ix":10},"sa":{"a":0,"k":0},"o":{"a":0,"k":100,"ix":11}},"shapes":[{"ty":"gr","bm":0,"hd":false,"mn":"ADBE Vector Group","nm":"ê·¸ë£¹ 1","ix":1,"cix":2,"np":2,"it":[{"ty":"sh","bm":0,"hd":false,"mn":"ADBE Vector Shape - Group","nm":"í¨ì¤ 1","ix":1,"d":1,"ks":{"a":0,"k":{"c":true,"i":[[15.268,20.884],[0.426,-0.003],[8.257,-3.52],[15.475,22.286],[8.715,-3.717],[14.629,17.925],[5.92,-14.784],[24.017,9.616],[-24.518,61.237],[-23.125,7.89],[-66.497,0],[-15.249,-28.185],[-19.342,-48.313],[24.016,-9.615],[24.514,61.237],[2.362,7.683],[1.807,-0.77],[15.475,22.286],[8.715,-3.717]],"o":[[-0.426,0.005],[1.769,13.575],[-12.738,5.431],[2.447,14.677],[-11.331,4.833],[-3.105,13.721],[-24.52,61.237],[-24.018,-9.615],[19.558,-48.851],[15.456,-28.047],[66.709,0],[22.99,8.425],[24.52,61.237],[-24.016,9.616],[-3.163,-7.905],[-1.317,1.399],[-12.738,5.431],[2.447,14.677],[-12.293,5.242]],"v":[[3.924,-10.89],[2.639,-10.878],[-7.012,16.75],[-55.807,-13.176],[-65.116,16.75],[-108.63,-6.162],[-122.168,36.905],[-210.049,130.373],[-209.145,2.083],[-137.469,-91.17],[0.309,-139.989],[138.241,-90.899],[209.147,2.083],[210.051,130.373],[122.172,36.905],[113.883,13.476],[109.196,16.75],[60.401,-13.176],[51.092,16.75]]},"ix":2}},{"ty":"fl","bm":0,"hd":false,"mn":"ADBE Vector Graphic - Fill","nm":"ì¹  1","c":{"a":0,"k":[0.1098,0.1804,0.1961],"ix":4},"r":1,"o":{"a":0,"k":100,"ix":5}},{"ty":"tr","a":{"a":0,"k":[0,0],"ix":1},"s":{"a":0,"k":[100,100],"ix":3},"sk":{"a":0,"k":0,"ix":4},"p":{"a":0,"k":[562.999,502.833],"ix":2},"r":{"a":0,"k":0,"ix":6},"sa":{"a":0,"k":0,"ix":5},"o":{"a":0,"k":100,"ix":7}}]}],"ind":3},{"ty":4,"nm":"ë ì¤ê³½ì ","sr":1,"st":0,"op":120.0000048877,"ip":0,"hd":false,"ddd":0,"bm":0,"hasMask":false,"ao":0,"ks":{"a":{"a":0,"k":[563,645,0],"ix":1},"s":{"a":0,"k":[100,100,100],"ix":6},"sk":{"a":0,"k":0},"p":{"a":1,"k":[{"o":{"x":0.333,"y":0},"i":{"x":0.667,"y":1},"s":[563,645,0],"t":0},{"o":{"x":0.167,"y":0.167},"i":{"x":0.833,"y":0.833},"s":[563,609,0],"t":30},{"o":{"x":0.333,"y":0},"i":{"x":0.667,"y":1},"s":[563,609,0],"t":65},{"s":[563,645,0],"t":90.0000036657751}],"ix":2},"r":{"a":0,"k":0,"ix":10},"sa":{"a":0,"k":0},"o":{"a":1,"k":[{"o":{"x":0.333,"y":0},"i":{"x":0.667,"y":1},"s":[100],"t":0},{"o":{"x":0.333,"y":0},"i":{"x":0.667,"y":1},"s":[100],"t":4},{"o":{"x":0.333,"y":0},"i":{"x":0.667,"y":1},"s":[0],"t":5},{"o":{"x":0.333,"y":0},"i":{"x":0.667,"y":1},"s":[0],"t":34},{"o":{"x":0.333,"y":0},"i":{"x":0.667,"y":1},"s":[100],"t":35},{"o":{"x":0.333,"y":0},"i":{"x":0.667,"y":1},"s":[100],"t":64},{"o":{"x":0.333,"y":0},"i":{"x":0.667,"y":1},"s":[0],"t":65},{"o":{"x":0.333,"y":0},"i":{"x":0.667,"y":1},"s":[0],"t":95},{"s":[100],"t":96.0000039101602}],"ix":11}},"shapes":[{"ty":"gr","bm":0,"hd":false,"mn":"ADBE Vector Group","nm":"ê·¸ë£¹ 1","ix":1,"cix":2,"np":2,"it":[{"ty":"sh","bm":0,"hd":false,"mn":"ADBE Vector Shape - Group","nm":"í¨ì¤ 1","ix":1,"d":1,"ks":{"a":1,"k":[{"o":{"x":0.333,"y":0},"i":{"x":0.667,"y":1},"s":[{"c":true,"i":[[-9.369,0],[0,-10.977],[10.976,0],[0,10.976]],"o":[[9.369,0],[0,10.976],[-10.976,0],[0,-10.977]],"v":[[0,-19.875],[19.875,0],[0,19.875],[-19.875,0]]}],"t":0},{"o":{"x":0.333,"y":0},"i":{"x":0.667,"y":1},"s":[{"c":true,"i":[[-9.369,0],[0,-10.977],[10.976,0],[0,10.976]],"o":[[9.369,0],[0,10.976],[-10.976,0],[0,-10.977]],"v":[[0,-5.625],[19.875,0.625],[0,20.5],[-19.875,0.625]]}],"t":3},{"o":{"x":0.333,"y":0},"i":{"x":0.667,"y":1},"s":[{"c":true,"i":[[-9.369,0],[-0.188,-6.838],[10.976,0],[-0.062,7.588]],"o":[[9.369,0],[0.188,6.838],[-10.976,0],[0.062,-7.588]],"v":[[0,7.625],[23,13.875],[0,20.5],[-24.875,13.875]]}],"t":5},{"o":{"x":0.333,"y":0},"i":{"x":0.667,"y":1},"s":[{"c":true,"i":[[-9.369,0],[-0.188,-6.838],[10.976,0],[-0.062,7.588]],"o":[[9.369,0],[0.188,6.838],[-10.976,0],[0.062,-7.588]],"v":[[0,7.625],[23,13.875],[0,20.5],[-24.875,13.875]]}],"t":35},{"o":{"x":0.333,"y":0},"i":{"x":0.667,"y":1},"s":[{"c":true,"i":[[-9.369,0],[0,-10.977],[10.976,0],[0,10.976]],"o":[[9.369,0],[0,10.976],[-10.976,0],[0,-10.977]],"v":[[0,-5.625],[19.875,0.625],[0,20.5],[-19.875,0.625]]}],"t":37},{"o":{"x":0.333,"y":0},"i":{"x":0.667,"y":1},"s":[{"c":true,"i":[[-9.369,0],[0,-10.977],[10.976,0],[0,10.976]],"o":[[9.369,0],[0,10.976],[-10.976,0],[0,-10.977]],"v":[[0,-19.875],[19.875,0],[0,19.875],[-19.875,0]]}],"t":40},{"o":{"x":0.333,"y":0},"i":{"x":0.667,"y":1},"s":[{"c":true,"i":[[-9.369,0],[0,-10.977],[10.976,0],[0,10.976]],"o":[[9.369,0],[0,10.976],[-10.976,0],[0,-10.977]],"v":[[0,-19.875],[19.875,0],[0,19.875],[-19.875,0]]}],"t":60},{"o":{"x":0.333,"y":0},"i":{"x":0.667,"y":1},"s":[{"c":true,"i":[[-9.369,0],[0,-10.977],[10.976,0],[0,10.976]],"o":[[9.369,0],[0,10.976],[-10.976,0],[0,-10.977]],"v":[[0,-5.625],[19.875,0.625],[0,20.5],[-19.875,0.625]]}],"t":63},{"o":{"x":0.333,"y":0},"i":{"x":0.667,"y":1},"s":[{"c":true,"i":[[-9.369,0],[-0.188,-6.838],[10.976,0],[-0.062,7.588]],"o":[[9.369,0],[0.188,6.838],[-10.976,0],[0.062,-7.588]],"v":[[0,7.625],[23,13.875],[0,20.5],[-24.875,13.875]]}],"t":65},{"o":{"x":0.333,"y":0},"i":{"x":0.667,"y":1},"s":[{"c":true,"i":[[-9.369,0],[-0.188,-6.838],[10.976,0],[-0.062,7.588]],"o":[[9.369,0],[0.188,6.838],[-10.976,0],[0.062,-7.588]],"v":[[0,7.625],[23,13.875],[0,20.5],[-24.875,13.875]]}],"t":95},{"o":{"x":0.333,"y":0},"i":{"x":0.667,"y":1},"s":[{"c":true,"i":[[-9.369,0],[0,-10.977],[10.976,0],[0,10.976]],"o":[[9.369,0],[0,10.976],[-10.976,0],[0,-10.977]],"v":[[0,-5.625],[19.875,0.625],[0,20.5],[-19.875,0.625]]}],"t":97},{"s":[{"c":true,"i":[[-9.369,0],[0,-10.977],[10.976,0],[0,10.976]],"o":[[9.369,0],[0,10.976],[-10.976,0],[0,-10.977]],"v":[[0,-19.875],[19.875,0],[0,19.875],[-19.875,0]]}],"t":100.000004073084}],"ix":2}},{"ty":"fl","bm":0,"hd":false,"mn":"ADBE Vector Graphic - Fill","nm":"ì¹  1","c":{"a":0,"k":[0.0863,0.1255,0.1412],"ix":4},"r":1,"o":{"a":0,"k":100,"ix":5}},{"ty":"tr","a":{"a":0,"k":[0,0],"ix":1},"s":{"a":0,"k":[100,100],"ix":3},"sk":{"a":0,"k":0,"ix":4},"p":{"a":0,"k":[486.813,667.712],"ix":2},"r":{"a":0,"k":0,"ix":6},"sa":{"a":0,"k":0,"ix":5},"o":{"a":0,"k":100,"ix":7}}]},{"ty":"gr","bm":0,"hd":false,"mn":"ADBE Vector Group","nm":"ê·¸ë£¹ 2","ix":2,"cix":2,"np":2,"it":[{"ty":"sh","bm":0,"hd":false,"mn":"ADBE Vector Shape - Group","nm":"í¨ì¤ 1","ix":1,"d":1,"ks":{"a":1,"k":[{"o":{"x":0.333,"y":0},"i":{"x":0.667,"y":1},"s":[{"c":true,"i":[[-10.977,0],[0,-10.977],[10.976,0],[0,10.976]],"o":[[10.976,0],[0,10.976],[-10.977,0],[0,-10.977]],"v":[[0,-19.875],[19.875,0],[0,19.875],[-19.875,0]]}],"t":0},{"o":{"x":0.333,"y":0},"i":{"x":0.667,"y":1},"s":[{"c":true,"i":[[-10.977,0],[0,-10.977],[10.976,0],[0,10.976]],"o":[[10.976,0],[0,10.976],[-10.977,0],[0,-10.977]],"v":[[0,-5],[19.875,0],[0,19.875],[-19.875,0]]}],"t":3},{"o":{"x":0.333,"y":0},"i":{"x":0.667,"y":1},"s":[{"c":true,"i":[[-10.977,0],[-0.312,-6.213],[10.976,0],[0.062,6.463]],"o":[[10.976,0],[0.312,6.213],[-10.977,0],[-0.062,-6.463]],"v":[[0,8.25],[24.875,13.25],[0,19.875],[-23,13.25]]}],"t":5},{"o":{"x":0.333,"y":0},"i":{"x":0.667,"y":1},"s":[{"c":true,"i":[[-10.977,0],[-0.312,-6.213],[10.976,0],[0.062,6.463]],"o":[[10.976,0],[0.312,6.213],[-10.977,0],[-0.062,-6.463]],"v":[[0,8.25],[24.875,13.25],[0,19.875],[-23,13.25]]}],"t":35},{"o":{"x":0.333,"y":0},"i":{"x":0.667,"y":1},"s":[{"c":true,"i":[[-10.977,0],[0,-10.977],[10.976,0],[0,10.976]],"o":[[10.976,0],[0,10.976],[-10.977,0],[0,-10.977]],"v":[[0,-5],[19.875,0],[0,19.875],[-19.875,0]]}],"t":37},{"o":{"x":0.333,"y":0},"i":{"x":0.667,"y":1},"s":[{"c":true,"i":[[-10.977,0],[0,-10.977],[10.976,0],[0,10.976]],"o":[[10.976,0],[0,10.976],[-10.977,0],[0,-10.977]],"v":[[0,-19.875],[19.875,0],[0,19.875],[-19.875,0]]}],"t":40},{"o":{"x":0.333,"y":0},"i":{"x":0.667,"y":1},"s":[{"c":true,"i":[[-10.977,0],[0,-10.977],[10.976,0],[0,10.976]],"o":[[10.976,0],[0,10.976],[-10.977,0],[0,-10.977]],"v":[[0,-19.875],[19.875,0],[0,19.875],[-19.875,0]]}],"t":60},{"o":{"x":0.333,"y":0},"i":{"x":0.667,"y":1},"s":[{"c":true,"i":[[-10.977,0],[0,-10.977],[10.976,0],[0,10.976]],"o":[[10.976,0],[0,10.976],[-10.977,0],[0,-10.977]],"v":[[0,-5],[19.875,0],[0,19.875],[-19.875,0]]}],"t":63},{"o":{"x":0.333,"y":0},"i":{"x":0.667,"y":1},"s":[{"c":true,"i":[[-10.977,0],[-0.312,-6.213],[10.976,0],[0.062,6.463]],"o":[[10.976,0],[0.312,6.213],[-10.977,0],[-0.062,-6.463]],"v":[[0,8.25],[24.875,13.25],[0,19.875],[-23,13.25]]}],"t":65},{"o":{"x":0.333,"y":0},"i":{"x":0.667,"y":1},"s":[{"c":true,"i":[[-10.977,0],[-0.312,-6.213],[10.976,0],[0.062,6.463]],"o":[[10.976,0],[0.312,6.213],[-10.977,0],[-0.062,-6.463]],"v":[[0,8.25],[24.875,13.25],[0,19.875],[-23,13.25]]}],"t":95},{"o":{"x":0.333,"y":0},"i":{"x":0.667,"y":1},"s":[{"c":true,"i":[[-10.977,0],[0,-10.977],[10.976,0],[0,10.976]],"o":[[10.976,0],[0,10.976],[-10.977,0],[0,-10.977]],"v":[[0,-5],[19.875,0],[0,19.875],[-19.875,0]]}],"t":97},{"s":[{"c":true,"i":[[-10.977,0],[0,-10.977],[10.976,0],[0,10.976]],"o":[[10.976,0],[0,10.976],[-10.977,0],[0,-10.977]],"v":[[0,-19.875],[19.875,0],[0,19.875],[-19.875,0]]}],"t":100.000004073084}],"ix":2}},{"ty":"fl","bm":0,"hd":false,"mn":"ADBE Vector Graphic - Fill","nm":"ì¹  1","c":{"a":0,"k":[0.0863,0.1255,0.1412],"ix":4},"r":1,"o":{"a":0,"k":100,"ix":5}},{"ty":"tr","a":{"a":0,"k":[0,0],"ix":1},"s":{"a":0,"k":[100,100],"ix":3},"sk":{"a":0,"k":0,"ix":4},"p":{"a":0,"k":[639.187,667.712],"ix":2},"r":{"a":0,"k":0,"ix":6},"sa":{"a":0,"k":0,"ix":5},"o":{"a":0,"k":100,"ix":7}}]}],"ind":4},{"ty":4,"nm":"ê°ìë ì¤ê³½ì ","sr":1,"st":0,"op":120.0000048877,"ip":0,"hd":false,"ddd":0,"bm":0,"hasMask":false,"ao":0,"ks":{"a":{"a":0,"k":[563,645,0],"ix":1},"s":{"a":0,"k":[100,100,100],"ix":6},"sk":{"a":0,"k":0},"p":{"a":1,"k":[{"o":{"x":0.167,"y":0.167},"i":{"x":0.833,"y":0.833},"s":[563,645,0],"t":5},{"o":{"x":0.333,"y":0},"i":{"x":0.667,"y":1},"s":[563,645,0],"t":8},{"o":{"x":0.167,"y":0.167},"i":{"x":0.833,"y":0.833},"s":[563,609,0],"t":30},{"o":{"x":0.333,"y":0},"i":{"x":0.667,"y":1},"s":[563,609,0],"t":65},{"s":[563,645,0],"t":90.0000036657751}],"ix":2},"r":{"a":0,"k":0,"ix":10},"sa":{"a":0,"k":0},"o":{"a":1,"k":[{"o":{"x":0.333,"y":0},"i":{"x":0.667,"y":1},"s":[0],"t":4},{"o":{"x":0.333,"y":0},"i":{"x":0.667,"y":1},"s":[100],"t":5},{"o":{"x":0.333,"y":0},"i":{"x":0.667,"y":1},"s":[100],"t":34},{"o":{"x":0.333,"y":0},"i":{"x":0.667,"y":1},"s":[0],"t":35},{"o":{"x":0.333,"y":0},"i":{"x":0.667,"y":1},"s":[0],"t":64},{"o":{"x":0.333,"y":0},"i":{"x":0.667,"y":1},"s":[100],"t":65},{"o":{"x":0.333,"y":0},"i":{"x":0.667,"y":1},"s":[100],"t":90},{"o":{"x":0.333,"y":0},"i":{"x":0.667,"y":1},"s":[100],"t":95},{"s":[0],"t":96.0000039101602}],"ix":11}},"shapes":[{"ty":"gr","bm":0,"hd":false,"mn":"ADBE Vector Group","nm":"ê·¸ë£¹ 1","ix":1,"cix":2,"np":2,"it":[{"ty":"sh","bm":0,"hd":false,"mn":"ADBE Vector Shape - Group","nm":"í¨ì¤ 1","ix":1,"d":1,"ks":{"a":0,"k":{"c":true,"i":[[-0.836,-2.748],[2.747,-0.836],[10.356,-0.003],[8.518,2.404],[-0.78,2.764],[-2.765,-0.78],[-9.75,0.004],[-6.635,2.02]],"o":[[0.836,2.748],[-7.962,2.424],[-10.375,0.004],[-2.764,-0.78],[0.78,-2.764],[7.325,2.067],[9.769,-0.003],[2.748,-0.836]],"v":[[32.698,-2.882],[29.236,3.607],[0.456,7.175],[-29.161,3.637],[-32.754,-2.78],[-26.337,-6.373],[0.451,-3.226],[26.207,-6.343]]},"ix":2}},{"ty":"fl","bm":0,"hd":false,"mn":"ADBE Vector Graphic - Fill","nm":"ì¹  1","c":{"a":0,"k":[0.0863,0.1255,0.1412],"ix":4},"r":1,"o":{"a":0,"k":100,"ix":5}},{"ty":"tr","a":{"a":0,"k":[0,0],"ix":1},"s":{"a":0,"k":[100,100],"ix":3},"sk":{"a":0,"k":0,"ix":4},"p":{"a":0,"k":[642.753,680.325],"ix":2},"r":{"a":0,"k":0,"ix":6},"sa":{"a":0,"k":0,"ix":5},"o":{"a":0,"k":100,"ix":7}}]},{"ty":"gr","bm":0,"hd":false,"mn":"ADBE Vector Group","nm":"ê·¸ë£¹ 2","ix":2,"cix":2,"np":2,"it":[{"ty":"sh","bm":0,"hd":false,"mn":"ADBE Vector Shape - Group","nm":"í¨ì¤ 1","ix":1,"d":1,"ks":{"a":0,"k":{"c":true,"i":[[-0.836,-2.748],[2.748,-0.836],[10.356,-0.003],[8.518,2.404],[-0.779,2.764],[-2.764,-0.78],[-9.75,0.004],[-6.636,2.02]],"o":[[0.836,2.748],[-7.962,2.424],[-10.375,0.004],[-2.764,-0.78],[0.78,-2.764],[7.325,2.067],[9.769,-0.003],[2.747,-0.836]],"v":[[32.698,-2.882],[29.236,3.607],[0.456,7.175],[-29.161,3.637],[-32.755,-2.78],[-26.337,-6.373],[0.452,-3.226],[26.208,-6.343]]},"ix":2}},{"ty":"fl","bm":0,"hd":false,"mn":"ADBE Vector Graphic - Fill","nm":"ì¹  1","c":{"a":0,"k":[0.0863,0.1255,0.1412],"ix":4},"r":1,"o":{"a":0,"k":100,"ix":5}},{"ty":"tr","a":{"a":0,"k":[0,0],"ix":1},"s":{"a":0,"k":[100,100],"ix":3},"sk":{"a":0,"k":0,"ix":4},"p":{"a":0,"k":[483.273,680.325],"ix":2},"r":{"a":0,"k":0,"ix":6},"sa":{"a":0,"k":0,"ix":5},"o":{"a":0,"k":100,"ix":7}}]}],"ind":5},{"ty":4,"nm":"ì½§êµ¬ë©2 ì¤ê³½ì ","sr":1,"st":0,"op":120.0000048877,"ip":0,"hd":false,"ddd":0,"bm":0,"hasMask":false,"ao":0,"ks":{"a":{"a":0,"k":[576.248,743.78,0],"ix":1},"s":{"a":1,"k":[{"o":{"x":0.333,"y":0},"i":{"x":0.667,"y":1},"s":[100,100,100],"t":5},{"o":{"x":0.333,"y":0},"i":{"x":0.667,"y":1},"s":[219.016,349.875,100],"t":21},{"o":{"x":0.333,"y":0},"i":{"x":0.667,"y":1},"s":[212,281.835,100],"t":30},{"o":{"x":0.333,"y":0},"i":{"x":0.667,"y":1},"s":[208,276.518,100],"t":60},{"s":[100,100,100],"t":90.0000036657751}],"ix":6},"sk":{"a":0,"k":0},"p":{"a":1,"k":[{"o":{"x":0.333,"y":0},"i":{"x":0.667,"y":1},"s":[576.248,743.78,0],"t":5},{"o":{"x":0.333,"y":0},"i":{"x":0.667,"y":1},"s":[580.023,708,0],"t":21},{"o":{"x":0.167,"y":0.167},"i":{"x":0.833,"y":0.833},"s":[579.748,703.78,0],"t":30},{"o":{"x":0.333,"y":0},"i":{"x":0.667,"y":1},"s":[579.748,703.78,0],"t":60},{"s":[576.248,743.78,0],"t":90.0000036657751}],"ix":2},"r":{"a":0,"k":0,"ix":10},"sa":{"a":0,"k":0},"o":{"a":0,"k":100,"ix":11}},"shapes":[{"ty":"gr","bm":0,"hd":false,"mn":"ADBE Vector Group","nm":"ê·¸ë£¹ 1","ix":1,"cix":2,"np":2,"it":[{"ty":"sh","bm":0,"hd":false,"mn":"ADBE Vector Shape - Group","nm":"í¨ì¤ 1","ix":1,"d":1,"ks":{"a":0,"k":{"c":true,"i":[[-3.659,0],[0,-1.829],[3.659,0],[0,1.83]],"o":[[3.659,0],[0,1.83],[-3.659,0],[0,-1.829]],"v":[[0,-3.312],[6.625,0],[0,3.312],[-6.625,0]]},"ix":2}},{"ty":"fl","bm":0,"hd":false,"mn":"ADBE Vector Graphic - Fill","nm":"ì¹  1","c":{"a":0,"k":[0.5882,0.2549,0.251],"ix":4},"r":1,"o":{"a":0,"k":100,"ix":5}},{"ty":"tr","a":{"a":0,"k":[0,0],"ix":1},"s":{"a":0,"k":[100,100],"ix":3},"sk":{"a":0,"k":0,"ix":4},"p":{"a":0,"k":[576.248,743.78],"ix":2},"r":{"a":0,"k":0,"ix":6},"sa":{"a":0,"k":0,"ix":5},"o":{"a":0,"k":100,"ix":7}}]}],"ind":6},{"ty":4,"nm":"ì½§êµ¬ë©1 ì¤ê³½ì ","sr":1,"st":0,"op":120.0000048877,"ip":0,"hd":false,"ddd":0,"bm":0,"hasMask":false,"ao":0,"ks":{"a":{"a":0,"k":[549.752,743.78,0],"ix":1},"s":{"a":1,"k":[{"o":{"x":0.333,"y":0},"i":{"x":0.667,"y":1},"s":[100,100,100],"t":5},{"o":{"x":0.333,"y":0},"i":{"x":0.667,"y":1},"s":[219.016,349.875,100],"t":21},{"o":{"x":0.333,"y":0},"i":{"x":0.667,"y":1},"s":[212,281.835,100],"t":30},{"o":{"x":0.333,"y":0},"i":{"x":0.667,"y":1},"s":[208,276.518,100],"t":60},{"s":[100,100,100],"t":90.0000036657751}],"ix":6},"sk":{"a":0,"k":0},"p":{"a":1,"k":[{"o":{"x":0.333,"y":0},"i":{"x":0.667,"y":1},"s":[549.752,743.78,0],"t":5},{"o":{"x":0.333,"y":0},"i":{"x":0.667,"y":1},"s":[545.977,708,0],"t":21},{"o":{"x":0.167,"y":0.167},"i":{"x":0.833,"y":0.833},"s":[546.252,703.78,0],"t":30},{"o":{"x":0.333,"y":0},"i":{"x":0.667,"y":1},"s":[546.252,703.78,0],"t":60},{"s":[549.752,743.78,0],"t":90.0000036657751}],"ix":2},"r":{"a":0,"k":0,"ix":10},"sa":{"a":0,"k":0},"o":{"a":0,"k":100,"ix":11}},"shapes":[{"ty":"gr","bm":0,"hd":false,"mn":"ADBE Vector Group","nm":"ê·¸ë£¹ 1","ix":1,"cix":2,"np":2,"it":[{"ty":"sh","bm":0,"hd":false,"mn":"ADBE Vector Shape - Group","nm":"í¨ì¤ 1","ix":1,"d":1,"ks":{"a":0,"k":{"c":true,"i":[[-3.659,0],[0,-1.829],[3.659,0],[0,1.83]],"o":[[3.659,0],[0,1.83],[-3.659,0],[0,-1.829]],"v":[[0,-3.312],[6.625,0],[0,3.312],[-6.625,0]]},"ix":2}},{"ty":"fl","bm":0,"hd":false,"mn":"ADBE Vector Graphic - Fill","nm":"ì¹  1","c":{"a":0,"k":[0.5882,0.2549,0.251],"ix":4},"r":1,"o":{"a":0,"k":100,"ix":5}},{"ty":"tr","a":{"a":0,"k":[0,0],"ix":1},"s":{"a":0,"k":[100,100],"ix":3},"sk":{"a":0,"k":0,"ix":4},"p":{"a":0,"k":[549.752,743.78],"ix":2},"r":{"a":0,"k":0,"ix":6},"sa":{"a":0,"k":0,"ix":5},"o":{"a":0,"k":100,"ix":7}}]}],"ind":7},{"ty":4,"nm":"ììì ì¤ê³½ì ","sr":1,"st":273.000011119518,"op":120.0000048877,"ip":0,"hd":false,"ddd":0,"bm":0,"hasMask":false,"ao":0,"ks":{"a":{"a":0,"k":[563,808.865,0],"ix":1},"s":{"a":1,"k":[{"o":{"x":0.333,"y":0},"i":{"x":0.667,"y":1},"s":[100,23.692,100],"t":60},{"o":{"x":0.333,"y":0},"i":{"x":0.667,"y":1},"s":[100,100,100],"t":90},{"s":[100,23.692,100],"t":93.0000037879676}],"ix":6},"sk":{"a":0,"k":0},"p":{"a":1,"k":[{"o":{"x":0.333,"y":0},"i":{"x":0.667,"y":1},"s":[563,760.115,0],"t":60},{"o":{"x":0.333,"y":0},"i":{"x":0.667,"y":1},"s":[563,808.865,0],"t":90},{"s":[563,798.365,0],"t":93.0000037879676}],"ix":2},"r":{"a":0,"k":0,"ix":10},"sa":{"a":0,"k":0},"o":{"a":1,"k":[{"o":{"x":0.333,"y":0},"i":{"x":0.667,"y":1},"s":[0],"t":60},{"o":{"x":0.333,"y":0},"i":{"x":0.667,"y":1},"s":[100],"t":61},{"o":{"x":0.333,"y":0},"i":{"x":0.667,"y":1},"s":[100],"t":93},{"s":[0],"t":94.0000038286985}],"ix":11}},"shapes":[{"ty":"gr","bm":0,"hd":false,"mn":"ADBE Vector Group","nm":"ê·¸ë£¹ 1","ix":1,"cix":2,"np":2,"it":[{"ty":"sh","bm":0,"hd":false,"mn":"ADBE Vector Shape - Group","nm":"í¨ì¤ 1","ix":1,"d":1,"ks":{"a":0,"k":{"c":true,"i":[[-2.179,11.573],[-14.693,0],[0,0],[-2.718,-14.439],[11.777,0],[0,0]],"o":[[2.718,-14.439],[0,0],[14.693,0],[2.178,11.573],[0,0],[-11.776,0]],"v":[[-33.547,1.31],[-3.524,-23.589],[3.525,-23.589],[33.548,1.31],[15.072,23.589],[-15.072,23.589]]},"ix":2}},{"ty":"fl","bm":0,"hd":false,"mn":"ADBE Vector Graphic - Fill","nm":"ì¹  1","c":{"a":0,"k":[0.0863,0.1255,0.1412],"ix":4},"r":1,"o":{"a":0,"k":100,"ix":5}},{"ty":"tr","a":{"a":0,"k":[0,0],"ix":1},"s":{"a":0,"k":[100,100],"ix":3},"sk":{"a":0,"k":0,"ix":4},"p":{"a":0,"k":[563,808.865],"ix":2},"r":{"a":0,"k":0,"ix":6},"sa":{"a":0,"k":0,"ix":5},"o":{"a":0,"k":100,"ix":7}}]}],"ind":8},{"ty":4,"nm":"ì","sr":1,"st":0,"op":120.0000048877,"ip":0,"hd":false,"ddd":0,"bm":0,"hasMask":false,"ao":0,"ks":{"a":{"a":0,"k":[0.75,153.215,0],"ix":1},"s":{"a":1,"k":[{"o":{"x":0.333,"y":0},"i":{"x":0.667,"y":1},"s":[100,100,100],"t":0},{"o":{"x":0.333,"y":0},"i":{"x":0.667,"y":1},"s":[80,80,100],"t":5},{"o":{"x":0.333,"y":0},"i":{"x":0.667,"y":1},"s":[80,80,100],"t":93},{"s":[100,100,100],"t":113.000004602584}],"ix":6},"sk":{"a":0,"k":0},"p":{"a":1,"k":[{"o":{"x":0.333,"y":0},"i":{"x":0.667,"y":1},"s":[563.75,798.215,0],"t":0},{"o":{"x":0.167,"y":0.167},"i":{"x":0.833,"y":0.833},"s":[563.75,760.215,0],"t":30},{"o":{"x":0.333,"y":0},"i":{"x":0.667,"y":1},"s":[563.75,760.215,0],"t":60},{"o":{"x":0.167,"y":0.167},"i":{"x":0.833,"y":0.833},"s":[563.75,798.215,0],"t":93},{"s":[563.75,798.215,0],"t":113.000004602584}],"ix":2},"r":{"a":0,"k":0,"ix":10},"sa":{"a":0,"k":0},"o":{"a":1,"k":[{"o":{"x":0.333,"y":0},"i":{"x":0.667,"y":1},"s":[100],"t":60},{"o":{"x":0.333,"y":0},"i":{"x":0.667,"y":1},"s":[0],"t":61},{"o":{"x":0.333,"y":0},"i":{"x":0.667,"y":1},"s":[0],"t":93},{"s":[100],"t":94.0000038286985}],"ix":11}},"shapes":[{"ty":"gr","bm":0,"hd":false,"mn":"ADBE Vector Group","nm":"ëª¨ì 1","ix":1,"cix":2,"np":3,"it":[{"ty":"sh","bm":0,"hd":false,"mn":"ADBE Vector Shape - Group","nm":"í¨ì¤ 1","ix":1,"d":1,"ks":{"a":1,"k":[{"o":{"x":0.333,"y":0},"i":{"x":0.667,"y":1},"s":[{"c":false,"i":[[-13.25,-14.5],[-20.168,-0.146],[-11,12.75]],"o":[[13.25,14.5],[19.418,0.14],[11,-12.75]],"v":[[-45.25,144.75],[1.832,165.11],[46.75,143.75]]}],"t":0},{"o":{"x":0.333,"y":0},"i":{"x":0.667,"y":1},"s":[{"c":false,"i":[[-15,-5.145],[-13.461,0.007],[-14.688,4.313]],"o":[[15,5.145],[13.657,-0.007],[14.688,-4.313]],"v":[[-39,147.855],[0.986,153.493],[41.562,147.813]]}],"t":5},{"o":{"x":0.333,"y":0},"i":{"x":0.667,"y":1},"s":[{"c":false,"i":[[-15,-5.145],[-13.461,0.007],[-14.688,4.313]],"o":[[15,5.145],[13.657,-0.007],[14.688,-4.313]],"v":[[-39,147.855],[0.986,153.493],[41.562,147.813]]}],"t":94},{"s":[{"c":false,"i":[[-13.25,-14.5],[-20.168,-0.146],[-11,12.75]],"o":[[13.25,14.5],[19.418,0.14],[11,-12.75]],"v":[[-45.25,144.75],[1.832,165.11],[46.75,143.75]]}],"t":113.000004602584}],"ix":2}},{"ty":"st","bm":0,"hd":false,"mn":"ADBE Vector Graphic - Stroke","nm":"ì  1","lc":2,"lj":1,"ml":4,"o":{"a":0,"k":100,"ix":4},"w":{"a":0,"k":14,"ix":5},"c":{"a":0,"k":[0.0863,0.1255,0.1412],"ix":3}},{"ty":"tr","a":{"a":0,"k":[0,0],"ix":1},"s":{"a":0,"k":[100,100],"ix":3},"sk":{"a":0,"k":0,"ix":4},"p":{"a":0,"k":[0,-0.5],"ix":2},"r":{"a":0,"k":0,"ix":6},"sa":{"a":0,"k":0,"ix":5},"o":{"a":0,"k":100,"ix":7}}]}],"ind":9},{"ty":4,"nm":"ì¼êµ´ ì¤ê³½ì ","sr":1,"st":0,"op":120.0000048877,"ip":0,"hd":false,"ddd":0,"bm":0,"hasMask":false,"ao":0,"ks":{"a":{"a":0,"k":[563,645,0],"ix":1},"s":{"a":0,"k":[100,100,100],"ix":6},"sk":{"a":0,"k":0},"p":{"a":1,"k":[{"o":{"x":0.333,"y":0},"i":{"x":0.667,"y":1},"s":[563,645,0],"t":0},{"o":{"x":0.333,"y":0},"i":{"x":0.667,"y":1},"s":[563,628.601,0],"t":8},{"o":{"x":0.333,"y":0},"i":{"x":0.667,"y":1},"s":[563,633,0],"t":30},{"o":{"x":0.333,"y":0},"i":{"x":0.667,"y":1},"s":[563,633,0],"t":60},{"s":[563,645,0],"t":90.0000036657751}],"ix":2},"r":{"a":0,"k":0,"ix":10},"sa":{"a":0,"k":0},"o":{"a":0,"k":100,"ix":11}},"shapes":[{"ty":"gr","bm":0,"hd":false,"mn":"ADBE Vector Group","nm":"ê·¸ë£¹ 1","ix":1,"cix":2,"np":2,"it":[{"ty":"sh","bm":0,"hd":false,"mn":"ADBE Vector Shape - Group","nm":"í¨ì¤ 1","ix":1,"d":1,"ks":{"a":0,"k":{"c":true,"i":[[0,0],[-102.923,0],[0,0],[-1.381,-102.41],[0,0],[68.868,-21.047],[0,0],[35.521,10.497],[0,0],[-0.976,72.236]],"o":[[1.384,-102.41],[0,0],[102.923,0],[0,0],[0.967,71.681],[0,0],[-35.43,10.82],[0,0],[-69.595,-20.569],[0,0]],"v":[[-203.188,-99.783],[-15.06,-284.49],[15.056,-284.49],[203.183,-99.783],[205.973,106.763],[91.405,263.218],[57.785,273.496],[-51.016,273.993],[-89.962,262.482],[-205.963,105.595]]},"ix":2}},{"ty":"fl","bm":0,"hd":false,"mn":"ADBE Vector Graphic - Fill","nm":"ì¹  1","c":{"a":0,"k":[1,0.7569,0.6784],"ix":4},"r":1,"o":{"a":0,"k":100,"ix":5}},{"ty":"tr","a":{"a":0,"k":[0,0],"ix":1},"s":{"a":0,"k":[100,100],"ix":3},"sk":{"a":0,"k":0,"ix":4},"p":{"a":0,"k":[562.995,673.158],"ix":2},"r":{"a":0,"k":0,"ix":6},"sa":{"a":0,"k":0,"ix":5},"o":{"a":0,"k":100,"ix":7}}]},{"ty":"gr","bm":0,"hd":false,"mn":"ADBE Vector Group","nm":"ê·¸ë£¹ 2","ix":2,"cix":2,"np":2,"it":[{"ty":"sh","bm":0,"hd":false,"mn":"ADBE Vector Shape - Group","nm":"í¨ì¤ 1","ix":1,"d":1,"ks":{"a":0,"k":{"c":true,"i":[[0,0],[0,0],[28.478,6.65],[0,0],[0,0],[-28.523,0],[0,0],[0,-28.523]],"o":[[0,0],[-28.426,6.863],[0,0],[0,0],[0,-28.523],[0,0],[28.523,0],[0,0]],"v":[[90.384,36.396],[43.236,47.784],[-43.307,48.107],[-90.384,37.106],[-90.384,-3.109],[-38.736,-54.756],[38.736,-54.756],[90.384,-3.109]]},"ix":2}},{"ty":"fl","bm":0,"hd":false,"mn":"ADBE Vector Graphic - Fill","nm":"ì¹  1","c":{"a":0,"k":[0.9412,0.6549,0.5608],"ix":4},"r":1,"o":{"a":0,"k":100,"ix":5}},{"ty":"tr","a":{"a":0,"k":[0,0],"ix":1},"s":{"a":0,"k":[100,100],"ix":3},"sk":{"a":0,"k":0,"ix":4},"p":{"a":0,"k":[563,933.964],"ix":2},"r":{"a":0,"k":0,"ix":6},"sa":{"a":0,"k":0,"ix":5},"o":{"a":0,"k":100,"ix":7}}]},{"ty":"gr","bm":0,"hd":false,"mn":"ADBE Vector Group","nm":"ê·¸ë£¹ 3","ix":3,"cix":2,"np":2,"it":[{"ty":"sh","bm":0,"hd":false,"mn":"ADBE Vector Shape - Group","nm":"í¨ì¤ 1","ix":1,"d":1,"ks":{"a":0,"k":{"c":true,"i":[[0,20.123],[20.124,0],[0,0],[0,-20.127],[-20.123,0],[0,0]],"o":[[0,-20.127],[0,0],[-20.123,0],[0,20.123],[0,0],[20.124,0]],"v":[[43.062,0.004],[6.623,-36.435],[-6.63,-36.435],[-43.062,0.004],[-6.63,36.435],[6.623,36.435]]},"ix":2}},{"ty":"fl","bm":0,"hd":false,"mn":"ADBE Vector Graphic - Fill","nm":"ì¹  1","c":{"a":0,"k":[0.9412,0.6549,0.5608],"ix":4},"r":1,"o":{"a":0,"k":100,"ix":5}},{"ty":"tr","a":{"a":0,"k":[0,0],"ix":1},"s":{"a":0,"k":[100,100],"ix":3},"sk":{"a":0,"k":0,"ix":4},"p":{"a":0,"k":[771.69,704.149],"ix":2},"r":{"a":0,"k":0,"ix":6},"sa":{"a":0,"k":0,"ix":5},"o":{"a":0,"k":100,"ix":7}}]},{"ty":"gr","bm":0,"hd":false,"mn":"ADBE Vector Group","nm":"ê·¸ë£¹ 4","ix":4,"cix":2,"np":2,"it":[{"ty":"sh","bm":0,"hd":false,"mn":"ADBE Vector Shape - Group","nm":"í¨ì¤ 1","ix":1,"d":1,"ks":{"a":0,"k":{"c":true,"i":[[0,38.42],[38.419,0],[0,0],[0,-32.089],[0,0],[-32.086,0],[0,0]],"o":[[0,-38.418],[0,0],[-32.086,0],[0,0],[0,32.087],[0,0],[38.419,0]],"v":[[69.563,-0.001],[0,-69.562],[-11.46,-69.562],[-69.564,-11.46],[-69.564,11.458],[-11.46,69.562],[0,69.562]]},"ix":2}},{"ty":"fl","bm":0,"hd":false,"mn":"ADBE Vector Graphic - Fill","nm":"ì¹  1","c":{"a":0,"k":[1,0.7569,0.6784],"ix":4},"r":1,"o":{"a":0,"k":100,"ix":5}},{"ty":"tr","a":{"a":0,"k":[0,0],"ix":1},"s":{"a":0,"k":[100,100],"ix":3},"sk":{"a":0,"k":0,"ix":4},"p":{"a":0,"k":[784.931,704.031],"ix":2},"r":{"a":0,"k":0,"ix":6},"sa":{"a":0,"k":0,"ix":5},"o":{"a":0,"k":100,"ix":7}}]},{"ty":"gr","bm":0,"hd":false,"mn":"ADBE Vector Group","nm":"ê·¸ë£¹ 5","ix":5,"cix":2,"np":2,"it":[{"ty":"sh","bm":0,"hd":false,"mn":"ADBE Vector Shape - Group","nm":"í¨ì¤ 1","ix":1,"d":1,"ks":{"a":0,"k":{"c":true,"i":[[0,20.123],[-20.123,0],[0,0],[0,-20.127],[20.123,0],[0,0]],"o":[[0,-20.127],[0,0],[20.123,0],[0,20.123],[0,0],[-20.124,0]],"v":[[-43.062,0.004],[-6.625,-36.435],[6.625,-36.435],[43.062,0.004],[6.625,36.435],[-6.625,36.435]]},"ix":2}},{"ty":"fl","bm":0,"hd":false,"mn":"ADBE Vector Graphic - Fill","nm":"ì¹  1","c":{"a":0,"k":[0.9412,0.6549,0.5608],"ix":4},"r":1,"o":{"a":0,"k":100,"ix":5}},{"ty":"tr","a":{"a":0,"k":[0,0],"ix":1},"s":{"a":0,"k":[100,100],"ix":3},"sk":{"a":0,"k":0,"ix":4},"p":{"a":0,"k":[354.318,704.149],"ix":2},"r":{"a":0,"k":0,"ix":6},"sa":{"a":0,"k":0,"ix":5},"o":{"a":0,"k":100,"ix":7}}]},{"ty":"gr","bm":0,"hd":false,"mn":"ADBE Vector Group","nm":"ê·¸ë£¹ 6","ix":6,"cix":2,"np":2,"it":[{"ty":"sh","bm":0,"hd":false,"mn":"ADBE Vector Shape - Group","nm":"í¨ì¤ 1","ix":1,"d":1,"ks":{"a":0,"k":{"c":true,"i":[[0,38.42],[-38.417,0],[0,0],[0,-32.089],[0,0],[32.09,0],[0,0]],"o":[[0,-38.418],[0,0],[32.09,0],[0,0],[0,32.087],[0,0],[-38.417,0]],"v":[[-69.56,-0.001],[0.001,-69.562],[11.458,-69.562],[69.56,-11.46],[69.56,11.458],[11.458,69.562],[0.001,69.562]]},"ix":2}},{"ty":"fl","bm":0,"hd":false,"mn":"ADBE Vector Graphic - Fill","nm":"ì¹  1","c":{"a":0,"k":[1,0.7569,0.6784],"ix":4},"r":1,"o":{"a":0,"k":100,"ix":5}},{"ty":"tr","a":{"a":0,"k":[0,0],"ix":1},"s":{"a":0,"k":[100,100],"ix":3},"sk":{"a":0,"k":0,"ix":4},"p":{"a":0,"k":[341.065,704.031],"ix":2},"r":{"a":0,"k":0,"ix":6},"sa":{"a":0,"k":0,"ix":5},"o":{"a":0,"k":100,"ix":7}}]}],"ind":10},{"ty":4,"nm":"ëª© ì¤ê³½ì ","sr":1,"st":0,"op":120.0000048877,"ip":0,"hd":false,"ddd":0,"bm":0,"hasMask":false,"ao":0,"ks":{"a":{"a":0,"k":[563,645,0],"ix":1},"s":{"a":0,"k":[100,100,100],"ix":6},"sk":{"a":0,"k":0},"p":{"a":1,"k":[{"o":{"x":0.333,"y":0},"i":{"x":0.667,"y":1},"s":[563,645,0],"t":0},{"o":{"x":0.167,"y":0.167},"i":{"x":0.833,"y":0.833},"s":[563,621,0],"t":30},{"o":{"x":0.333,"y":0},"i":{"x":0.667,"y":1},"s":[563,621,0],"t":60},{"s":[563,645,0],"t":90.0000036657751}],"ix":2},"r":{"a":0,"k":0,"ix":10},"sa":{"a":0,"k":0},"o":{"a":0,"k":100,"ix":11}},"shapes":[{"ty":"gr","bm":0,"hd":false,"mn":"ADBE Vector Group","nm":"ê·¸ë£¹ 1","ix":1,"cix":2,"np":2,"it":[{"ty":"sh","bm":0,"hd":false,"mn":"ADBE Vector Shape - Group","nm":"í¨ì¤ 1","ix":1,"d":1,"ks":{"a":0,"k":{"c":true,"i":[[0,0],[-28.523,0],[0,0],[0,-28.523],[0,0],[42.784,0],[0,0],[0,42.784]],"o":[[0,-28.523],[0,0],[28.523,0],[0,0],[0,42.784],[0,0],[-42.784,0],[0,0]],"v":[[-90.384,-48.42],[-38.736,-100.068],[38.736,-100.068],[90.384,-48.42],[90.384,22.596],[12.912,100.068],[-12.912,100.068],[-90.384,22.596]]},"ix":2}},{"ty":"fl","bm":0,"hd":false,"mn":"ADBE Vector Graphic - Fill","nm":"ì¹  1","c":{"a":0,"k":[1,0.7569,0.6784],"ix":4},"r":1,"o":{"a":0,"k":100,"ix":5}},{"ty":"tr","a":{"a":0,"k":[0,0],"ix":1},"s":{"a":0,"k":[100,100],"ix":3},"sk":{"a":0,"k":0,"ix":4},"p":{"a":0,"k":[563,966.364],"ix":2},"r":{"a":0,"k":0,"ix":6},"sa":{"a":0,"k":0,"ix":5},"o":{"a":0,"k":100,"ix":7}}]}],"ind":11},{"ty":4,"nm":"ì· ì¤ê³½ì ","sr":1,"st":0,"op":120.0000048877,"ip":0,"hd":false,"ddd":0,"bm":0,"hasMask":false,"ao":0,"ks":{"a":{"a":0,"k":[563,1290,0],"ix":1},"s":{"a":1,"k":[{"o":{"x":0.333,"y":0},"i":{"x":0.667,"y":1},"s":[100,100,100],"t":0},{"o":{"x":0.333,"y":0},"i":{"x":0.667,"y":1},"s":[112.093,112.093,100],"t":30},{"o":{"x":0.333,"y":0},"i":{"x":0.667,"y":1},"s":[112.093,112.093,100],"t":60},{"o":{"x":0.333,"y":0},"i":{"x":0.667,"y":1},"s":[100,100,100],"t":90},{"s":[100,100,100],"t":100.000004073084}],"ix":6},"sk":{"a":0,"k":0},"p":{"a":1,"k":[{"o":{"x":0.167,"y":0.167},"i":{"x":0.833,"y":0.833},"s":[563,1290,0],"t":0},{"o":{"x":0.167,"y":0.167},"i":{"x":0.833,"y":0.833},"s":[563,1290,0],"t":30},{"o":{"x":0.167,"y":0.167},"i":{"x":0.833,"y":0.833},"s":[563,1290,0],"t":60},{"o":{"x":0.167,"y":0.167},"i":{"x":0.833,"y":0.833},"s":[563,1290,0],"t":90},{"s":[563,1290,0],"t":100.000004073084}],"ix":2},"r":{"a":0,"k":0,"ix":10},"sa":{"a":0,"k":0},"o":{"a":0,"k":100,"ix":11}},"shapes":[{"ty":"gr","bm":0,"hd":false,"mn":"ADBE Vector Group","nm":"ê·¸ë£¹ 1","ix":1,"cix":2,"np":2,"it":[{"ty":"sh","bm":0,"hd":false,"mn":"ADBE Vector Shape - Group","nm":"í¨ì¤ 1","ix":1,"d":1,"ks":{"a":0,"k":{"c":true,"i":[[-64.179,0],[0,55.547],[0.026,0.904],[0,0],[0,-0.91]],"o":[[64.179,0],[0,-0.91],[0,0],[-0.026,0.904],[0,55.547]],"v":[[0,51.648],[116.208,-48.93],[116.169,-51.648],[-116.169,-51.648],[-116.208,-48.93]]},"ix":2}},{"ty":"fl","bm":0,"hd":false,"mn":"ADBE Vector Graphic - Fill","nm":"ì¹  1","c":{"a":0,"k":[0.9804,0.6863,0.9882],"ix":4},"r":1,"o":{"a":0,"k":100,"ix":5}},{"ty":"tr","a":{"a":0,"k":[0,0],"ix":1},"s":{"a":0,"k":[100,100],"ix":3},"sk":{"a":0,"k":0,"ix":4},"p":{"a":0,"k":[563,1047.18],"ix":2},"r":{"a":0,"k":0,"ix":6},"sa":{"a":0,"k":0,"ix":5},"o":{"a":0,"k":100,"ix":7}}]},{"ty":"gr","bm":0,"hd":false,"mn":"ADBE Vector Group","nm":"ê·¸ë£¹ 2","ix":2,"cix":2,"np":4,"it":[{"ty":"sh","bm":0,"hd":false,"mn":"ADBE Vector Shape - Group","nm":"í¨ì¤ 1","ix":1,"d":1,"ks":{"a":1,"k":[{"o":{"x":0.333,"y":0},"i":{"x":0.667,"y":1},"s":[{"c":true,"i":[[0,0],[-64.502,4.861],[0,0],[0,0],[0,0],[0,0],[-11.472,-63.437],[0,0],[0,0]],"o":[[11.514,-63.656],[0,0],[0,0],[0,0],[0,0],[64.263,5.119],[0,0],[0,0],[0,0]],"v":[[-388.978,-19.773],[-259.894,-136.123],[-112.586,-147.234],[0,-147.234],[126.234,-147.234],[260.403,-136.549],[388.89,-20.244],[419.64,149.742],[-419.64,149.742]]}],"t":0},{"o":{"x":0.333,"y":0},"i":{"x":0.667,"y":1},"s":[{"c":true,"i":[[0,0],[-83.571,7.548],[0,0],[0,0],[0,0],[-79.493,-9.758],[-11.472,-63.437],[0,0],[0,0]],"o":[[11.514,-63.656],[83.571,-7.548],[0,0],[0,0],[0,0],[79.493,9.758],[0,0],[0,0],[0,0]],"v":[[-396.115,-19.773],[-259.894,-193.965],[-112.586,-147.234],[0,-147.234],[126.234,-147.234],[260.403,-194.391],[396.027,-20.244],[419.64,149.742],[-419.64,149.742]]}],"t":30},{"o":{"x":0.333,"y":0},"i":{"x":0.667,"y":1},"s":[{"c":true,"i":[[0,0],[-83.571,7.548],[0,0],[0,0],[0,0],[-79.493,-9.758],[-11.472,-63.437],[0,0],[0,0]],"o":[[11.514,-63.656],[83.571,-7.548],[0,0],[0,0],[0,0],[79.493,9.758],[0,0],[0,0],[0,0]],"v":[[-396.115,-19.773],[-259.894,-193.965],[-112.586,-147.234],[0,-147.234],[126.234,-147.234],[260.403,-194.391],[396.027,-20.244],[419.64,149.742],[-419.64,149.742]]}],"t":60},{"o":{"x":0.333,"y":0},"i":{"x":0.667,"y":1},"s":[{"c":true,"i":[[0,0],[-60.106,19.357],[0,0],[0,0],[0,0],[0,0],[-11.472,-63.437],[0,0],[0,0]],"o":[[11.514,-63.656],[0,0],[0,0],[0,0],[0,0],[64.597,22.783],[0,0],[0,0],[0,0]],"v":[[-388.978,12.227],[-259.894,-104.123],[-112.586,-147.234],[0,-147.234],[126.234,-147.234],[260.403,-104.549],[388.89,11.756],[419.64,149.742],[-419.64,149.742]]}],"t":90},{"s":[{"c":true,"i":[[0,0],[-64.502,4.861],[0,0],[0,0],[0,0],[0,0],[-11.472,-63.437],[0,0],[0,0]],"o":[[11.514,-63.656],[0,0],[0,0],[0,0],[0,0],[64.263,5.119],[0,0],[0,0],[0,0]],"v":[[-388.978,-19.773],[-259.894,-136.123],[-112.586,-147.234],[0,-147.234],[126.234,-147.234],[260.403,-136.549],[388.89,-20.244],[419.64,149.742],[-419.64,149.742]]}],"t":100.000004073084}],"ix":2}},{"ty":"fl","bm":0,"hd":false,"mn":"ADBE Vector Graphic - Fill","nm":"ì¹  1","c":{"a":0,"k":[0.9961,0.8275,1],"ix":4},"r":1,"o":{"a":0,"k":100,"ix":5}},{"ty":"tr","a":{"a":0,"k":[0,0],"ix":1},"s":{"a":0,"k":[100,100],"ix":3},"sk":{"a":0,"k":0,"ix":4},"p":{"a":0,"k":[563,1142.766],"ix":2},"r":{"a":0,"k":0,"ix":6},"sa":{"a":0,"k":0,"ix":5},"o":{"a":0,"k":100,"ix":7}}]}],"ind":12},{"ty":4,"nm":"ë·ë¨¸ë¦¬ ì¤ê³½ì  2","sr":1,"st":0,"op":301.000012259981,"ip":0,"hd":false,"ddd":0,"bm":0,"hasMask":false,"ao":0,"ks":{"a":{"a":0,"k":[563,645,0],"ix":1},"s":{"a":0,"k":[100,100,100],"ix":6},"sk":{"a":0,"k":0},"p":{"a":1,"k":[{"o":{"x":0.333,"y":0},"i":{"x":0.667,"y":1},"s":[563,645,0],"t":0},{"o":{"x":0.333,"y":0},"i":{"x":0.667,"y":1},"s":[563,628.601,0],"t":8},{"o":{"x":0.333,"y":0},"i":{"x":0.667,"y":1},"s":[563,633,0],"t":30},{"o":{"x":0.333,"y":0},"i":{"x":0.667,"y":1},"s":[563,633,0],"t":60},{"s":[563,645,0],"t":90.0000036657751}],"ix":2},"r":{"a":0,"k":0,"ix":10},"sa":{"a":0,"k":0},"o":{"a":0,"k":100,"ix":11}},"shapes":[{"ty":"gr","bm":0,"hd":false,"mn":"ADBE Vector Group","nm":"ê·¸ë£¹ 1","ix":1,"cix":2,"np":2,"it":[{"ty":"sh","bm":0,"hd":false,"mn":"ADBE Vector Shape - Group","nm":"í¨ì¤ 1","ix":1,"d":1,"ks":{"a":0,"k":{"c":true,"i":[[0,-169.58],[262.993,2.449],[0,169.577],[-140.838,0]],"o":[[0,169.577],[-259,-2.412],[0,-169.58],[140.838,0]],"v":[[255.012,-29.443],[0,325.608],[-255.012,-29.443],[0,-277.608]]},"ix":2}},{"ty":"fl","bm":0,"hd":false,"mn":"ADBE Vector Graphic - Fill","nm":"ì¹  1","c":{"a":0,"k":[0.1098,0.1804,0.1961],"ix":4},"r":1,"o":{"a":0,"k":100,"ix":5}},{"ty":"tr","a":{"a":0,"k":[0,0],"ix":1},"s":{"a":0,"k":[100,100],"ix":3},"sk":{"a":0,"k":0,"ix":4},"p":{"a":0,"k":[563,596.804],"ix":2},"r":{"a":0,"k":0,"ix":6},"sa":{"a":0,"k":0,"ix":5},"o":{"a":0,"k":100,"ix":7}}]}],"ind":13},{"ty":4,"nm":"ëª¨ì ë ì´ì´ 1","sr":1,"st":0,"op":120.0000048877,"ip":0,"hd":false,"ddd":0,"bm":0,"hasMask":false,"ao":0,"ks":{"a":{"a":0,"k":[0,0,0],"ix":1},"s":{"a":0,"k":[100,100,100],"ix":6},"sk":{"a":0,"k":0},"p":{"a":0,"k":[563,645,0],"ix":2},"r":{"a":0,"k":0,"ix":10},"sa":{"a":0,"k":0},"o":{"a":0,"k":100,"ix":11}},"shapes":[{"ty":"gr","bm":0,"hd":false,"mn":"ADBE Vector Group","nm":"íì 1","ix":1,"cix":2,"np":3,"it":[{"ty":"el","bm":0,"hd":false,"mn":"ADBE Vector Shape - Ellipse","nm":"íì í¨ì¤ 1","d":1,"p":{"a":0,"k":[0,0],"ix":3},"s":{"a":0,"k":[1600,1600],"ix":2}},{"ty":"st","bm":0,"hd":false,"mn":"ADBE Vector Graphic - Stroke","nm":"ì  1","lc":1,"lj":1,"ml":4,"o":{"a":0,"k":100,"ix":4},"w":{"a":0,"k":14,"ix":5},"c":{"a":1,"k":[{"o":{"x":0.333,"y":0},"i":{"x":0.667,"y":1},"s":[1,0.8667,0],"t":30},{"o":{"x":0.333,"y":0},"i":{"x":0.667,"y":1},"s":[0.349,0.8941,0.1804],"t":31},{"o":{"x":0.333,"y":0},"i":{"x":0.667,"y":1},"s":[0.349,0.8941,0.1804],"t":59},{"s":[1,0.8667,0],"t":60.0000024438501}],"ix":3}},{"ty":"tr","a":{"a":0,"k":[0,0],"ix":1},"s":{"a":0,"k":[100,100],"ix":3},"sk":{"a":0,"k":0,"ix":4},"p":{"a":0,"k":[-3,203],"ix":2},"r":{"a":0,"k":0,"ix":6},"sa":{"a":0,"k":0,"ix":5},"o":{"a":0,"k":100,"ix":7}}]}],"ind":14},{"ty":4,"nm":"ì ì¤ê³½ì ","sr":1,"st":0,"op":120.0000048877,"ip":0,"hd":false,"ddd":0,"bm":0,"hasMask":false,"ao":0,"ks":{"a":{"a":0,"k":[563.002,853.501,0],"ix":1},"s":{"a":1,"k":[{"o":{"x":0.167,"y":0.167},"i":{"x":0.833,"y":0.833},"s":[28.591,28.591,100],"t":0},{"o":{"x":0.167,"y":0.167},"i":{"x":0.833,"y":0.833},"s":[210.264,210.264,100],"t":30},{"o":{"x":0.167,"y":0.167},"i":{"x":0.833,"y":0.833},"s":[210.264,210.264,100],"t":60},{"s":[26.49,26.49,100],"t":90.0000036657751}],"ix":6},"sk":{"a":0,"k":0},"p":{"a":1,"k":[{"o":{"x":0.167,"y":0.167},"i":{"x":0.833,"y":0.833},"s":[563.002,853.501,0],"t":0},{"o":{"x":0.167,"y":0.167},"i":{"x":0.833,"y":0.833},"s":[563.002,853.501,0],"t":30},{"s":[563.002,853.501,0],"t":60.0000024438501}],"ix":2},"r":{"a":0,"k":0,"ix":10},"sa":{"a":0,"k":0},"o":{"a":0,"k":100,"ix":11}},"shapes":[{"ty":"gr","bm":0,"hd":false,"mn":"ADBE Vector Group","nm":"ê·¸ë£¹ 1","ix":1,"cix":2,"np":2,"it":[{"ty":"sh","bm":0,"hd":false,"mn":"ADBE Vector Shape - Group","nm":"í¨ì¤ 1","ix":1,"d":1,"ks":{"a":0,"k":{"c":true,"i":[[-210.367,0],[0,-210.368],[210.367,0],[0,210.367]],"o":[[210.367,0],[0,210.367],[-210.367,0],[0,-210.368]],"v":[[0,-380.904],[380.904,0],[0,380.904],[-380.904,0]]},"ix":2}},{"ty":"fl","bm":0,"hd":false,"mn":"ADBE Vector Graphic - Fill","nm":"ì¹  1","c":{"a":1,"k":[{"o":{"x":0.167,"y":0.167},"i":{"x":0.833,"y":0.833},"s":[1,0.9725,0.8],"t":30},{"o":{"x":0.167,"y":0.167},"i":{"x":0.833,"y":0.833},"s":[0.8392,1,0.8157],"t":31},{"o":{"x":0.167,"y":0.167},"i":{"x":0.833,"y":0.833},"s":[0.8392,1,0.8157],"t":59},{"s":[1,0.9725,0.8],"t":60.0000024438501}],"ix":4},"r":1,"o":{"a":0,"k":100,"ix":5}},{"ty":"tr","a":{"a":0,"k":[0,0],"ix":1},"s":{"a":0,"k":[100,100],"ix":3},"sk":{"a":0,"k":0,"ix":4},"p":{"a":0,"k":[563,853.5],"ix":2},"r":{"a":0,"k":0,"ix":6},"sa":{"a":0,"k":0,"ix":5},"o":{"a":0,"k":100,"ix":7}}]}],"ind":15}],"v":"5.7.0","fr":29.9700012207031,"op":121,"ip":0,"assets":[]}